contact_id,account_id,first_name,last_name,email,job_title,is_primary
5c6f77f2-24ab-4ab9-913d-601fd0b93098,f1da6988-abf6-4286-ba18-38ee8792438c,Omar,Smith,kenneth66@example.net,Sports coach,False
ad9340ef-a2e5-43ee-a921-1f6c28796777,da2f5df5-37f6-422e-a425-4f405c713430,Lauren,Hurst,brobinson@example.com,Air cabin crew,False
35e8eaba-997d-4f7f-9629-f149ed6da2a5,718cb948-5664-405c-ba3d-ec59f8c15853,Paul,Caldwell,dramsey@example.org,Writer,True
6d2f1e7a-84ae-43a5-98d9-331e7d598308,c8f20d96-2fb1-4c37-9f10-deccb1e375f7,Amanda,Meadows,millerroy@example.com,"Education officer, environmental",False
a6ae92ae-3034-446c-8b9a-0c4991a01070,3c230bec-ceb1-41df-b2f2-ff5f5f5f1ac3,Brent,Gray,shawnrogers@example.com,Health physicist,True
f2183e81-a34c-4fe6-9fe7-ee92d601664f,a93e484e-6d8a-47a2-a402-dd34df876393,Karen,Decker,mary70@example.net,"Solicitor, Scotland",False
fcdb6f80-cbbf-45f1-b632-cbc0997332d1,de1bc611-c498-42e6-8370-5988ddda191c,Brett,Crane,debraharrington@example.net,Architect,False
52ca882a-670d-429e-aaa2-0d2f2e8e3fec,cf2f48be-2d49-4efb-a49e-6c594f0f5353,Karen,Herring,maryhowell@example.org,Computer games developer,False
b770d8fd-49cb-49ad-ba73-9f909e1ef7f7,1b446616-2104-4d15-b8c7-f7e1bba45632,Thomas,Wilson,stevenscott@example.com,Diplomatic Services operational officer,True
10e7ee4a-5cf8-4cda-bf3e-a59e468e8d7a,2ba14fd6-23eb-4237-9157-ba20706b169a,Catherine,Stuart,stricklandfrank@example.com,Clinical cytogeneticist,True
79cc859c-5e33-41dd-88ac-2a857be735b6,7b530ff9-9180-4b65-8884-2d61e89c0d30,Beth,Hickman,tsanders@example.org,Call centre manager,False
84b06874-7087-457d-a4f6-9f59b9ad777b,de3adeab-4388-44bf-9925-3ca7c4ec1f17,Brittany,Rivas,curtisbarton@example.net,Tourism officer,False
df23b94f-4fde-4aeb-9e2e-65f9eea7ced4,c9f326b1-6491-4b1a-a979-ad0d2f224df5,Linda,Hogan,reedross@example.com,Broadcast presenter,False
d5f5012e-2940-4762-bf36-85106cf2324d,da30e153-d0bf-4ec4-a451-94d20b513d2c,William,Peterson,gshort@example.com,Medical illustrator,False
33a63889-cfc1-4edb-9d1e-cfb7dafa0bd0,d0f17a53-4613-4aa4-92f5-84c5153145bd,Cynthia,Poole,ryangross@example.net,Geophysicist/field seismologist,True
83820210-bf59-491f-97f2-12780b3f99c9,814f183a-2786-4c30-aa87-9165850aad3c,Christina,Gillespie,umarshall@example.net,"Geologist, wellsite",True
4da396f2-b3a9-4342-8cb9-25cc955cd413,85f881f5-4d41-453e-b6d9-0b7cde62cff9,Marcus,Sanchez,ramirezshannon@example.com,"Teacher, early years/pre",True
45cef9bf-a66d-4475-9019-ff3f9bc67d2c,c73145ac-db21-44e5-9723-1858f013c7ef,Cheryl,Gray,snydermark@example.com,"Engineer, petroleum",True
a96da9d2-5558-4c9c-9fe9-5bbcd284fc6b,322c2176-ce80-499a-996a-2453451c8fe3,Michael,Green,nicole48@example.org,"Scientist, forensic",True
ab872bb1-944f-4a4f-b5d4-0bbfd4900e1e,2ba14fd6-23eb-4237-9157-ba20706b169a,Stacy,Miller,wfreeman@example.org,Publishing copy,False
f95b1a9e-4c13-4f71-a9db-50d022f23e93,2883d03e-8799-49d0-a3c2-b445f8863258,Debbie,Henry,davisjeffrey@example.net,Financial planner,False
b3cf4ca0-5fc0-438b-9508-908c2b26e8c3,5a380e38-023f-4505-add3-b6ab303adb27,Kevin,Perkins,wtran@example.com,Statistician,False
48a1b600-ba05-4337-b67f-e0b79fbcb8a7,4a7b6196-4317-4ddc-8634-ecd737a76d71,Mark,Warner,kristopher31@example.net,"Engineer, automotive",False
3d0dea6c-2b7c-4daa-895e-5f48a2c4ea08,8d254fd3-484d-42e9-9b16-cc1e4a2f696b,Leslie,Newton,jamesrodgers@example.com,Theme park manager,False
dfbc8202-884b-4e08-ab92-8a4eeb2c0be8,ae44ad45-9a93-4cfe-ac30-30ccf933758f,Tiffany,Warren,tina34@example.org,Media planner,False
334706f6-73db-4f27-8ed2-d5f95da4c984,66b953e3-1e63-4262-8e70-72a22fbf9a4e,Harry,Smith,joshuamccann@example.net,"Horticulturist, commercial",False
4a56c423-aa0f-492b-8cec-6b31ea855f64,7fd44a0f-10d5-4151-bbb8-45670afaa586,Heidi,Martinez,agarcia@example.net,Higher education careers adviser,True
f18e9d4e-8db8-4b59-b867-a487ea0b0e77,ad8b116c-c984-4dcc-a53f-3b8e676cac7e,Taylor,Alexander,tammyking@example.com,Clothing/textile technologist,True
2ec826af-be8e-45e3-80e4-93e1d46c6b85,9ed38ecf-01f3-46e3-b09b-07225794de45,Lynn,Morales,rayglenda@example.org,Database administrator,True
81b119b7-1b81-4e3a-a82d-d8421edd73b9,548229ea-2d9e-4100-80f8-1a67e5225b6e,Lisa,Avery,mcknightdavid@example.com,Trading standards officer,True
6e32f1e4-732d-4590-9e09-19573abd3a06,79e7737a-488c-438a-8578-a09a6277a5e2,Caitlin,Montgomery,chayes@example.com,Theatre stage manager,False
060eeda5-682a-4a93-acd8-2682df50a955,d345a43d-872a-4bfd-a1d2-54784fd84827,Veronica,Torres,lynchjody@example.org,"Engineer, mining",False
b11b63b7-9d53-4b10-9551-96e16c9e2808,293565a1-90e2-440c-bd1a-257e5373c6cf,Joseph,Miller,glennjones@example.org,Osteopath,False
84d87a15-6363-4c6a-a34a-50e52f54c4e5,03c3f251-2f2d-41ae-905c-a0fba8d72e87,Shannon,Wheeler,antonio44@example.net,Professor Emeritus,False
1d239e01-bfc8-42d0-b17f-25d1fc3e35e0,a4def9ba-b78c-4c1b-8caf-07f11e4fab98,Charles,Hall,kristin93@example.com,Colour technologist,True
ddcdd76c-3504-472e-b463-3e92e2359b51,660cde69-ef9e-4641-891d-5dfe235df1ae,Amy,Holland,margaret10@example.org,Information systems manager,False
50938638-e49a-489e-8e9a-7a8f411adbe7,aedee51b-2843-4446-974d-7b95f89cbf36,Brooke,Holloway,scott74@example.net,Operational researcher,False
e4de5578-1428-4cb8-a613-bc956a8a1615,814f183a-2786-4c30-aa87-9165850aad3c,Sherri,Mason,mkim@example.org,Podiatrist,True
e29c583c-e52f-40e0-941e-99311b49034c,4a7b6196-4317-4ddc-8634-ecd737a76d71,Jessica,Munoz,davissuzanne@example.net,Theatre manager,False
1aeb8ce9-312a-4f0a-8a01-6e5be484e9b7,85a40263-1182-4656-b32d-2a1f6d5faf3a,Stephanie,Key,barbara27@example.net,Private music teacher,False
37413da8-7445-45be-9f6f-58da9b21602d,07bdb12d-b2f3-4350-a096-387e41ae9218,Sabrina,White,fwalters@example.org,"Psychotherapist, dance movement",True
1b04a139-16aa-4c8b-a253-06c3f372ce32,91c35e3a-0a55-4fc8-8a18-646d6a620527,Michael,Cook,hodgemark@example.net,Research scientist (life sciences),False
a8e93731-993f-4388-a29c-70c1a194386e,7c5121bf-6fc1-43f6-862d-6a14c003e77d,Keith,Landry,gibsonleonard@example.com,Commercial art gallery manager,True
7718913e-06a9-4171-a901-0f221f772c3a,f88bbecc-cf82-4c2a-8e77-5408431e2cda,Tara,Powell,sandovalamy@example.com,Audiological scientist,False
abf0b778-9ac3-4edb-b885-73f2be9cf78e,acccfa73-68c1-4f6a-9039-45ebf8ad58cc,Jacob,Cox,wgarrett@example.org,"Engineer, electronics",False
17022ed6-70fd-453d-b90c-23c583f83090,b873a003-2978-444f-9b53-d1149177426e,Joseph,Anderson,samuel71@example.org,Transport planner,True
78ee4971-b53d-49b2-b26d-3bb701b1635e,0ac4449b-a24f-4ac2-9462-5fc7ff19ed9e,Lauren,Mckinney,andrea86@example.org,Equality and diversity officer,False
bcd458c7-e0ec-44b7-a729-225e47d3fe0d,de1bc611-c498-42e6-8370-5988ddda191c,Victoria,Durham,pvalentine@example.org,Research scientist (physical sciences),True
ae1678f5-eebf-4f88-baeb-f77dc520cc5d,85a40263-1182-4656-b32d-2a1f6d5faf3a,Sarah,Carter,robert77@example.org,"Programmer, multimedia",False
d9a61a1f-17d4-4b2f-b9d2-914761c0f319,76641e76-24cc-4abe-bce8-1fc12f987c6b,Andrea,Reyes,michellehill@example.com,"Librarian, public",False
f7b26a63-484b-4518-bffb-bd6e6fb8dd3b,edcaa32a-661a-46a8-bafb-0c5051f0ce9e,Sarah,Romero,campbellkenneth@example.net,TEFL teacher,False
f1ffe509-3ecd-4256-a7ab-1275f7525b33,4ce06bb1-4016-4ed4-86ec-83df81cd4cfd,Yolanda,Burns,seanwashington@example.com,Sub,False
d145ce0e-18f2-4674-a048-2b6cd103375a,f2e88504-06ff-45be-ae68-2331dad9760f,Kathryn,Bennett,molly39@example.com,Facilities manager,False
981515e7-578b-41d0-888f-933f50474129,e2343e42-9e3f-4d69-82f1-30e74853eab8,Melissa,Jenkins,julie66@example.net,"Designer, blown glass/stained glass",True
66fb48f6-11e3-4f43-9486-0506f2b86a16,11d30148-2e86-4cc0-9190-fa5bfe1ea3f9,Tyler,Johnson,molly71@example.net,"Programmer, multimedia",True
1c610ed9-585e-44cc-b8a5-1366555f887b,7fc73164-ec61-4d59-b827-a088ce9f0024,Alexis,Thomas,charlesharrington@example.com,Lexicographer,False
0ca92c1a-0ba9-4f61-baf4-6e77656a659f,52d7184b-b74e-43fc-93e7-e18915fdf689,Cindy,Sanders,christianmelissa@example.net,Museum/gallery conservator,False
7c44a2c0-8198-4dd8-a615-541db5b61cc6,9e080023-b808-4ca9-885b-08eb98433a4c,Stephanie,Sims,cbrennan@example.net,Broadcast presenter,False
7de73883-cd92-4241-8077-c310e845be58,ad8b116c-c984-4dcc-a53f-3b8e676cac7e,Jimmy,Cohen,wendy16@example.org,Chiropodist,False
3b62a314-2976-4e60-9547-2fc0e2bd3b74,2c5d0c16-3140-4147-b6d2-896dd3e0e28d,Scott,Benson,williamslaura@example.com,Mechanical engineer,False
b46c6b50-9de3-43b7-8f8b-6100821076e9,76641e76-24cc-4abe-bce8-1fc12f987c6b,Nicholas,Thomas,yknight@example.org,"Doctor, hospital",False
77d75462-b15e-4ab4-a671-d57f5088df92,660cde69-ef9e-4641-891d-5dfe235df1ae,Gregory,Lynch,pharvey@example.com,Television production assistant,False
ae2a5c8c-47ff-40ad-bcb2-ed9cbde60264,3c230bec-ceb1-41df-b2f2-ff5f5f5f1ac3,Douglas,Murray,steve07@example.com,Sports coach,True
6b2d3434-eac1-4430-be92-ff20de50d68f,aedee51b-2843-4446-974d-7b95f89cbf36,Eric,Alexander,vanessa46@example.net,Fitness centre manager,True
267e67c3-c84e-48a8-93f4-97fb4ee783df,cf2f48be-2d49-4efb-a49e-6c594f0f5353,Stephen,Turner,gcastaneda@example.org,Museum/gallery curator,False
9c2e945a-cd2b-4b09-b78e-393a7bd62cf9,814f183a-2786-4c30-aa87-9165850aad3c,Ashley,Andrews,andrew64@example.org,Systems developer,False
d943165f-6b23-4acf-8041-8204f4367697,c5e9af02-7b22-4322-ac6e-664865315c69,Michelle,Osborne,lozanojulie@example.com,Event organiser,False
2344bb1e-e2b6-4139-9bd8-f732132f22c3,63de697b-a672-4a42-9596-d6d07b7125b5,Catherine,Gomez,christinebyrd@example.net,"Copywriter, advertising",False
27bb5571-73f7-4165-a651-ba8440bdace4,de1bc611-c498-42e6-8370-5988ddda191c,Courtney,Berger,parkerscott@example.net,Medical sales representative,True
b22d8dc4-181d-4ddb-a391-f1fcc2848eef,fc014bdd-dbc7-4630-8ff1-2eec3abff1d4,Jessica,Davis,mark62@example.org,Consulting civil engineer,False
4024d980-8ce7-420d-984c-71e2e3a7b09a,718cb948-5664-405c-ba3d-ec59f8c15853,Kristin,Walter,alyssa42@example.com,Race relations officer,False
939b511d-f144-47fd-953e-9b7ae3b8299d,5a380e38-023f-4505-add3-b6ab303adb27,Tammy,Phillips,linda71@example.org,Equities trader,False
ec7983b3-bab3-4d4c-895c-deff3d2412cb,add9bd66-a5d5-4342-92ab-1e9c008a6003,Michelle,Ramsey,zcoffey@example.net,Medical secretary,False
ad3819de-920a-4f13-ae48-31863157de32,de1bc611-c498-42e6-8370-5988ddda191c,Christopher,Foster,amanda75@example.net,Garment/textile technologist,False
60c6f60a-7863-438d-b6b7-28c19aa2d71c,fe0c9bc4-73cc-4fef-bb4f-65d8aa270c4b,Brenda,Carson,daniel37@example.org,Water quality scientist,False
ef28451c-91e8-46d2-b90d-d2deecdab2b9,4a7b6196-4317-4ddc-8634-ecd737a76d71,Nicole,Hoffman,deborahreid@example.com,Immigration officer,False
4bee6e0a-762f-44be-bf5d-025f3a195708,cce23fef-dc59-4113-9fb7-648fdc0ed846,Debra,Wilson,shahkevin@example.com,Commercial art gallery manager,True
0ab224c8-d1da-4358-a8f0-b5f8417b75bb,2f16e53f-78ba-43ca-a719-f9ed261aaba7,Colton,Clay,paulwatson@example.net,"Sound technician, broadcasting/film/video",True
7c93a675-d9cb-40e3-ab47-79dc0c2b1da5,c8c375c7-a350-4bdc-ace4-40c3bf928ab1,Robert,Newton,nicolepena@example.com,Warden/ranger,True
74327ca7-d7d8-46bf-aefd-1ec083e219e8,5775990e-2bb1-4437-bda1-822fb71e961d,Ricky,Lynn,vaughnjeff@example.com,Fashion designer,False
50ce535a-61fc-4313-a7a6-041e2a29f06c,bf987fa1-20ad-402e-b466-d756d0ea60e5,Melissa,Garcia,amy50@example.com,Health and safety adviser,False
5f78724b-8bdc-46b1-8d57-087607f08096,ea47b81e-80e8-4bfd-9f6d-a457b92413fc,James,Martinez,ndavis@example.net,"Therapist, speech and language",True
c3968264-84f6-445f-a943-ddd756aa175e,82ce8ce7-160a-4743-8b4a-0ae3ab0b5964,Tasha,Williams,john29@example.org,Broadcast presenter,False
fb6dd159-8eff-4299-8af6-bddf90a2383c,f1da6988-abf6-4286-ba18-38ee8792438c,Maria,Spencer,lisahall@example.org,"Therapist, occupational",False
f79c8407-6d1b-41a0-894f-5b92ad2257af,bf987fa1-20ad-402e-b466-d756d0ea60e5,Aaron,Garrison,vanessafernandez@example.org,Clinical molecular geneticist,False
ff4c54fe-25cf-42b0-bb74-a0307deed459,91c35e3a-0a55-4fc8-8a18-646d6a620527,Donna,Johnson,howardkristina@example.net,Jewellery designer,True
bd4289ad-8b43-464c-aea2-ac7790b75ff8,3be95b11-c8b9-4fdf-b0a8-4bfe24742971,Alfred,Baker,judyfox@example.net,Bonds trader,False
43d63c9a-6f74-4cb9-86bd-bfab49d30c75,c9f326b1-6491-4b1a-a979-ad0d2f224df5,Thomas,Strickland,hayesjeffrey@example.net,Armed forces logistics/support/administrative officer,False
ecac62f2-f28d-4752-b2b6-460e4b8bf14d,82ce8ce7-160a-4743-8b4a-0ae3ab0b5964,Jessica,Kerr,stephen00@example.com,Operational investment banker,True
af46c19d-0b28-4ffb-a368-a7fa0c7a0da1,9ed38ecf-01f3-46e3-b09b-07225794de45,Ronald,Rodriguez,fjones@example.com,Translator,False
c6d6b9a4-01ed-4b23-a6fa-c31ef55b997c,548229ea-2d9e-4100-80f8-1a67e5225b6e,Eddie,Martinez,oscar98@example.com,Professor Emeritus,False
146a4d82-9749-4a96-a43e-c9b078ee17e2,2ba14fd6-23eb-4237-9157-ba20706b169a,William,Jordan,farrelldebra@example.net,"Engineer, structural",False
e54780d6-179e-421b-a3bf-9b2ccd586d54,8ed59a61-8764-4c36-8390-a96b95eb6f45,Russell,Beasley,dmorgan@example.com,Pathologist,False
e544bb3b-268c-4d78-8960-54bc3255df01,acccfa73-68c1-4f6a-9039-45ebf8ad58cc,Jessica,Edwards,elizabeth52@example.net,Public relations account executive,False
45e55e64-e27c-421a-92bd-8712b9250aaf,0fac961e-1768-471c-810e-9a84fd0da2fe,Carlos,Decker,reynoldsjulie@example.com,"Conservator, furniture",False
58a986a0-ac20-49ee-8839-c4df0073ca6f,8ba5166f-4121-41d1-b984-99d5ac2420c8,Angela,Willis,elizabeth65@example.net,Pharmacologist,False
fbcec4e8-faeb-4a87-bb0e-906ff4670172,a93e484e-6d8a-47a2-a402-dd34df876393,Miranda,Griffith,caroline51@example.net,"Runner, broadcasting/film/video",False
fa6ed441-5d41-4af9-9626-f0ee5f77940d,9ed38ecf-01f3-46e3-b09b-07225794de45,Jason,Douglas,melaniebell@example.net,Mental health nurse,False
259b9581-6174-420b-8079-5b22381f7ef6,d6cd74f3-390a-4fc6-8ebb-35fe42b01a8e,Danny,Ramirez,lindsaybruce@example.net,Visual merchandiser,True
c8d200c8-91af-4f6f-b31d-630b2e70573c,5775990e-2bb1-4437-bda1-822fb71e961d,Emily,Hawkins,anthony44@example.com,Make,True
15b94569-0b02-4b77-b900-35e007597e5d,5d7506f0-2adf-4da6-abf1-3d2802e5152f,Adam,Kane,vjones@example.net,Airline pilot,True
8c38dc1d-c01d-4cda-b8d6-31f27e819836,7b530ff9-9180-4b65-8884-2d61e89c0d30,Christopher,Moreno,vbarnes@example.org,Merchant navy officer,False
0ec14785-b911-4dc7-a2d7-65b1f0f1895b,ea47b81e-80e8-4bfd-9f6d-a457b92413fc,Larry,Nguyen,wareeric@example.net,Artist,False
0308936a-72c6-4c14-bd1a-e8af080611b1,718cb948-5664-405c-ba3d-ec59f8c15853,Emily,Nelson,ctucker@example.com,Government social research officer,True
33bbc7d4-d461-4793-af64-9217dafeece0,5a380e38-023f-4505-add3-b6ab303adb27,Jason,Hunt,russell49@example.com,Secretary/administrator,False
649368e8-73e3-4922-ae74-20bc93514af2,c313d77f-f343-433c-9c71-d5384abe6695,Elizabeth,Williams,djoyce@example.org,"Engineer, energy",False
85e0d80a-301f-4f93-ade1-f7538522e347,5775990e-2bb1-4437-bda1-822fb71e961d,Kevin,Clark,kathrynroberts@example.org,Actor,False
3b9e6026-9535-448d-a7ad-36a6d72b8aaf,ea47b81e-80e8-4bfd-9f6d-a457b92413fc,Tyler,Jordan,omarpadilla@example.net,"Surveyor, land/geomatics",False
a8017511-6401-4e71-a08e-29446f1ed3b2,07bdb12d-b2f3-4350-a096-387e41ae9218,Martha,Drake,sandersjudy@example.com,Advertising account executive,False
096a27e3-1493-4c58-bc79-57aab404d5e8,7b0c1c7a-68fc-43a0-b790-bf2fccf14e25,Steve,Miller,barbara96@example.net,Pensions consultant,True
40b1e9ad-6d45-479c-aade-afc6d956cbd6,b3ceffd0-2e16-4b01-8940-f7df94e5b5c4,Keith,Sullivan,george97@example.net,Medical illustrator,True
95769ba5-1c2b-4188-bfbb-691685dfad78,4ce06bb1-4016-4ed4-86ec-83df81cd4cfd,Christopher,Richard,ryanmorales@example.org,Occupational hygienist,True
492ca364-e7a4-45d5-b7e6-4eb3b50d9065,2b0ab2ee-035d-4cab-9916-c9cee81221e5,Monica,Reese,masonjackson@example.net,Clothing/textile technologist,True
b1209163-7f95-4a68-b8e5-9f3c9ac0d6f3,e2343e42-9e3f-4d69-82f1-30e74853eab8,Alyssa,Lee,michael23@example.org,Dancer,False
bd4ce100-1e0a-4e50-ae74-c31566ec5fe1,1e59583d-a7ac-42cf-b927-92d159a9191e,Jonathan,Thompson,kathleenrios@example.org,"Research officer, political party",False
5aace72c-b68e-4971-9602-1760a80fb391,d0f17a53-4613-4aa4-92f5-84c5153145bd,Steven,Elliott,kmaldonado@example.net,IT trainer,True
b09bdabd-ac3d-4464-84f7-1b617a29c50f,0fac961e-1768-471c-810e-9a84fd0da2fe,Michelle,Burton,scottharrison@example.net,Immunologist,False
c5ecbb08-2a5e-4ee4-a2b8-47011c4ce960,4a7b6196-4317-4ddc-8634-ecd737a76d71,Laura,Vargas,william47@example.com,Applications developer,True
26015cbf-6308-4f1c-b83a-c69a5e753660,fa1b9bdd-fc76-409b-b29e-4c32d2986f4d,Brian,Decker,newmantiffany@example.org,Volunteer coordinator,False
bcf3119e-bfbb-46f0-aee4-b630b6426cc7,edcaa32a-661a-46a8-bafb-0c5051f0ce9e,Brooke,Cruz,colelisa@example.net,Emergency planning/management officer,True
f8c669d3-0a61-4fd6-92ca-c27a394a9f69,d345a43d-872a-4bfd-a1d2-54784fd84827,Marc,Alvarez,susanhayes@example.com,Chartered accountant,False
30e3dde2-dce9-4aa4-a07d-3479b2357367,2ba14fd6-23eb-4237-9157-ba20706b169a,William,Thompson,jasmineritter@example.net,"Scientist, research (medical)",False
f6bfa591-15b4-4e01-9862-2bc3f90a5771,5e41d8cf-e84e-4905-b25e-69c1bf74ba65,Chelsea,Cox,paul59@example.org,"Lecturer, higher education",False
33cc5d0b-ff00-484d-bdef-3d245ecf00b3,718cb948-5664-405c-ba3d-ec59f8c15853,Cameron,Davis,umitchell@example.net,Toxicologist,True
172075ec-e974-4b98-9367-c06912c76b30,1b446616-2104-4d15-b8c7-f7e1bba45632,Morgan,Cook,sabrinacollins@example.net,"Nurse, children's",False
4999bf02-8419-42ad-8fd2-fa52d6c0ad83,2883d03e-8799-49d0-a3c2-b445f8863258,David,Fletcher,collinsnicholas@example.com,Conference centre manager,True
9b01dcb7-02d1-42c0-a41d-9add39f2fb62,30394e4e-73e5-4164-a125-6c6d15fb0a1c,Elizabeth,Calderon,lucasrodney@example.com,Adult nurse,False
96e999d1-a165-4bd1-bbaf-f00a57b926b9,3b3735ad-bab6-4d3b-a25a-25e3ebe494d7,Michael,White,matthewmiranda@example.org,Equities trader,False
f075caa5-e1c5-430d-b92d-7f5c9f7593d7,27e16d77-7a5f-419a-8794-1219e246558d,Zoe,Moore,megan18@example.net,Secretary/administrator,False
1e3f7abe-988a-4265-a8d6-e498dc37bd03,de3adeab-4388-44bf-9925-3ca7c4ec1f17,Benjamin,Rogers,carlamoore@example.org,Diagnostic radiographer,True
4e51efbf-0495-43aa-86e1-63e584e7802f,4a947cf0-a1b9-42a6-a00d-e4159408c67e,Jennifer,Williams,erica37@example.net,Higher education careers adviser,False
d8f8747b-15f9-47d1-a678-d6a660076fe2,2b0ab2ee-035d-4cab-9916-c9cee81221e5,Karen,Bowers,amandacollins@example.com,"Engineer, biomedical",True
da759517-4169-4ddc-b9ea-590a1326e69d,814f183a-2786-4c30-aa87-9165850aad3c,Micheal,Valentine,smurray@example.com,Retail buyer,True
a6980835-3c54-4012-8af9-a613d566ee5f,cce23fef-dc59-4113-9fb7-648fdc0ed846,Allison,Burch,laurietaylor@example.com,Associate Professor,False
2d6dffe4-cf80-44c9-9334-0b9a6ff3d7bc,66b953e3-1e63-4262-8e70-72a22fbf9a4e,Danielle,Sawyer,dawsonzachary@example.org,Higher education careers adviser,False
e86fcdf1-9be9-478f-b2f4-8630dbf50d72,91c35e3a-0a55-4fc8-8a18-646d6a620527,Christopher,Martin,jwhitehead@example.com,"Chemist, analytical",False
75b4e5e3-ae72-44c2-96c2-76ab8def3fe8,c9f326b1-6491-4b1a-a979-ad0d2f224df5,Stacey,Walker,bwilkerson@example.com,Astronomer,False
3a38ab9e-c3d6-4cb9-84e5-7cfaad9ed45e,9bd979ee-c3e2-4bed-945a-697f8810178d,Randy,Brooks,xvang@example.org,Air broker,False
b5f1a7b1-c4fc-4d40-8dbd-ba3825213bb2,293565a1-90e2-440c-bd1a-257e5373c6cf,Lucas,Garcia,lacey20@example.com,Public house manager,False
75141fc7-0e55-450d-b7cb-c837d58a782b,2b0ab2ee-035d-4cab-9916-c9cee81221e5,Heather,Taylor,awest@example.org,Advertising account executive,False
efcd6e15-2b5c-4537-8fbc-8151213f22c4,acccfa73-68c1-4f6a-9039-45ebf8ad58cc,Jonathan,Conley,srodriguez@example.org,Illustrator,False
c77cc2ce-90a6-4e5a-af6d-a66ef4b5d86f,c5e9af02-7b22-4322-ac6e-664865315c69,David,Allen,fbrown@example.net,Social worker,False
950ba0dd-74f6-40df-82ea-edc0a69b470f,dc41563c-f28e-425a-90c9-5c65711686db,Allen,Robertson,jennifercarter@example.org,Volunteer coordinator,False
fff0da47-179e-4473-92d3-c2c5cc9a73df,e50c2a48-78ee-4208-af95-0494bbd599bf,Michael,Duncan,elizabethmiller@example.com,Broadcast journalist,True
caea01bb-76a0-43ae-b452-bade2e0908f8,ea47b81e-80e8-4bfd-9f6d-a457b92413fc,Stephanie,Stephens,myerstheodore@example.net,Naval architect,True
b60e0c67-30b8-4f49-8bd5-a2fa319b1ecf,27e16d77-7a5f-419a-8794-1219e246558d,Tina,King,kellycarlos@example.org,Civil Service administrator,True
87309aea-dd2f-41ad-b944-a2c302e9808b,c8f20d96-2fb1-4c37-9f10-deccb1e375f7,Kelsey,Moss,dennis58@example.com,Economist,False
b7548e6b-eba3-43e3-8eb9-aa41b52964a7,c8c375c7-a350-4bdc-ace4-40c3bf928ab1,Maria,Cohen,zwelch@example.org,Biomedical scientist,True
4c6820fc-2c53-40af-82be-18993eb8a336,322c2176-ce80-499a-996a-2453451c8fe3,Jennifer,Acevedo,carterbradley@example.org,Architectural technologist,True
dd60a914-a796-4298-b572-e1ea74018b09,0fac961e-1768-471c-810e-9a84fd0da2fe,Leslie,Collins,ihays@example.com,Forensic scientist,True
2349dfd7-5150-42f8-abe8-6b8b775e9726,debcc6e8-b2b3-4ada-af5a-a67729d03426,Benjamin,Lucas,michael05@example.com,Company secretary,True
4ccc5c9a-1ad4-469d-b93f-1f864e8420fd,62a4dd81-bd1e-4cf5-b238-9e0c1d65eac0,Lauren,Kim,ypaul@example.com,"Embryologist, clinical",False
31c1cbd1-c8af-4ea5-b0e2-f6e0cb21e6e9,82ce8ce7-160a-4743-8b4a-0ae3ab0b5964,Tyler,Jimenez,laurie61@example.com,Town planner,False
d1dfddbf-a59a-4a29-a045-68e64d7b649a,2ba14fd6-23eb-4237-9157-ba20706b169a,Wanda,White,manuel15@example.net,Hotel manager,False
65266307-3717-4749-afb7-03b1182a380e,c098f654-79a2-4231-830b-25657791ca80,Kirk,Morrison,cjackson@example.com,Product manager,True
00d0fbf4-26bc-4fa3-bfdb-84bc53f542e6,04d9f2ef-5a0c-4ef7-b2bf-25d951a8ac1f,Bobby,Berg,christina64@example.net,Barista,False
a46ab88e-82f5-47ee-a8a3-f8ac7e5a1046,04d9f2ef-5a0c-4ef7-b2bf-25d951a8ac1f,Charles,Walsh,william20@example.org,Translator,False
20547cd1-9b94-4f30-a90e-f1a69f597f4c,e76e8d09-47ec-4f7f-8c15-5f10f81f07c2,Erika,Kim,carlososborne@example.com,Medical illustrator,False
302c1e91-e728-4146-9c3d-9fe9817eef47,3b3735ad-bab6-4d3b-a25a-25e3ebe494d7,Patrick,Bradley,erikarush@example.com,"Producer, radio",False
df8f62c0-27aa-432a-a956-2d88205c7b23,d6cd74f3-390a-4fc6-8ebb-35fe42b01a8e,Kathryn,Berry,raymond43@example.org,Agricultural engineer,False
4e126236-5ead-470e-8408-ab3c55d9c0bf,7c5121bf-6fc1-43f6-862d-6a14c003e77d,Jill,Porter,hmcintyre@example.com,Gaffer,False
75e87727-f95b-4b28-95ec-1c3041f3e0f4,660cde69-ef9e-4641-891d-5dfe235df1ae,Jane,Lewis,heather73@example.org,Control and instrumentation engineer,False
f9a5ed8c-6cff-4e43-957c-5a462f1b3130,add9bd66-a5d5-4342-92ab-1e9c008a6003,Melissa,Hayes,zosborn@example.net,IT consultant,True
32e35f32-2e9f-4c56-be86-b233ae81a238,acccfa73-68c1-4f6a-9039-45ebf8ad58cc,Elizabeth,Mckinney,patricia22@example.com,Rural practice surveyor,True
b1ba6c78-72b8-4bfd-9ff4-dc5b95015d0d,9924ac2a-fa9e-4a40-b861-232103d62374,Jeffrey,Galloway,joelsnyder@example.com,"Surveyor, building",True
d6930793-82c9-49cd-9dc2-7a0963f16803,f1da6988-abf6-4286-ba18-38ee8792438c,Ashley,Mcdonald,cherylmiller@example.com,Occupational therapist,True
97f06d38-a9c5-4c17-864f-a4f55f3e896c,293565a1-90e2-440c-bd1a-257e5373c6cf,Yvonne,Higgins,khammond@example.org,Comptroller,False
70f2c3e6-b7d1-4a8c-bd96-7f62e5b6854f,76641e76-24cc-4abe-bce8-1fc12f987c6b,Teresa,Day,howens@example.com,"Conservation officer, historic buildings",True
ab4781b4-a6bf-415a-b701-905066882974,3b3735ad-bab6-4d3b-a25a-25e3ebe494d7,Natalie,Deleon,katrinaanderson@example.net,Automotive engineer,True
d78b93fe-65b9-48c3-a28c-30ccdc683542,ae44ad45-9a93-4cfe-ac30-30ccf933758f,Marie,Holmes,fred53@example.com,"Scientist, physiological",False
943c2930-0b75-4fd5-8f78-0a2e5fd35662,07bdb12d-b2f3-4350-a096-387e41ae9218,Patty,Singleton,james84@example.org,Immunologist,False
e93ba4fa-d2bd-48b4-b555-9c142a57a9ed,76641e76-24cc-4abe-bce8-1fc12f987c6b,Christina,Davis,brittanycarpenter@example.org,Trade union research officer,False
081f3b41-9b4c-459f-9d30-4f232294f437,1b5651f0-f9c2-4197-b01e-f491de2f0176,Matthew,Bradshaw,bryananthony@example.org,Technical author,False
1dcc74e3-9f9a-4147-b76a-71a2b1a376b6,5e41d8cf-e84e-4905-b25e-69c1bf74ba65,Joseph,Clark,bmontgomery@example.com,Sports administrator,True
fa233dc3-a54a-436b-8709-3775ec0aea96,2c5d0c16-3140-4147-b6d2-896dd3e0e28d,Keith,Frye,zsanchez@example.net,"Optician, dispensing",False
69652194-207d-4cf6-b47e-6cb3201dc4d2,2b0ab2ee-035d-4cab-9916-c9cee81221e5,Kenneth,Jones,moorerobert@example.com,"Engineer, electronics",False
c17a9158-f948-467c-bf72-6ebe157b5297,30394e4e-73e5-4164-a125-6c6d15fb0a1c,Matthew,Thomas,jessica56@example.org,Metallurgist,False
f3aaca4c-592b-41e2-af02-4da7e10126e4,0ac4449b-a24f-4ac2-9462-5fc7ff19ed9e,Zachary,Rodriguez,stevenadams@example.org,Counsellor,False
c5c84c0a-93ae-4abd-965d-d7e99cbd1107,fc014bdd-dbc7-4630-8ff1-2eec3abff1d4,Colin,Roberts,alin@example.org,"Designer, jewellery",False
386582a4-8b4c-4fd9-97ed-a54fd736e9d6,c8c375c7-a350-4bdc-ace4-40c3bf928ab1,Lisa,Peck,james27@example.net,"Psychologist, sport and exercise",False
80676ee2-865e-4232-b5f0-a2cf9477db7a,d0f17a53-4613-4aa4-92f5-84c5153145bd,Victor,Parker,davisphillip@example.com,Financial adviser,False
ebb4dab8-a457-4bd6-8662-ee4c6833b363,e50c2a48-78ee-4208-af95-0494bbd599bf,Jason,Gomez,campbellcarla@example.net,"Psychotherapist, dance movement",False
ddf5a7e9-7b3c-4da0-a6e3-3e631f5e54a0,66b953e3-1e63-4262-8e70-72a22fbf9a4e,Justin,Smith,jordannicole@example.net,Medical secretary,False
1a105f1c-c5c4-42f6-bf26-7a95461a98d4,eb239d04-5bb0-4765-8a77-5df400655c6f,Kathryn,Diaz,jwilliams@example.org,Medical laboratory scientific officer,True
ae0fadbd-b90c-4ba1-ad13-c629bd39eec9,d6cd74f3-390a-4fc6-8ebb-35fe42b01a8e,Angela,Jones,rduran@example.net,Tree surgeon,False
855879c3-d21c-4358-9ce4-f49c9cc487ce,85f881f5-4d41-453e-b6d9-0b7cde62cff9,David,Hester,vbrooks@example.net,Medical secretary,False
e3ed8728-9dbb-4353-ae6b-a6c5a60c4cde,660cde69-ef9e-4641-891d-5dfe235df1ae,Kari,Gonzalez,cporter@example.org,"Copywriter, advertising",True
3d345df3-7839-4363-9d72-098bb8f67247,ea47b81e-80e8-4bfd-9f6d-a457b92413fc,Jennifer,Brock,ghernandez@example.org,Land,False
ca0b3398-f0ad-4579-ba47-c18745c95710,76641e76-24cc-4abe-bce8-1fc12f987c6b,Sarah,Flores,vewing@example.com,"Therapist, horticultural",False
f07e7f7f-2ccb-40d8-b386-1bc2589f6618,d345a43d-872a-4bfd-a1d2-54784fd84827,Matthew,Clayton,terickson@example.com,Adult guidance worker,True
c9eadb8c-8127-450c-a779-e95fd93cbc80,ea47b81e-80e8-4bfd-9f6d-a457b92413fc,Micheal,Nunez,ysilva@example.net,Aid worker,True
7ca79b03-f742-44ee-816d-e9a69bfc48a8,2ba14fd6-23eb-4237-9157-ba20706b169a,Candice,Baker,jennifersilva@example.org,"Scientist, research (physical sciences)",False
4ee7a226-f5b3-41a8-b1b9-1e80d1494781,52d7184b-b74e-43fc-93e7-e18915fdf689,Cristina,Harvey,rhernandez@example.org,Ambulance person,False
d4c80a23-6b6e-4fa5-8073-0b8bc4c35bd5,1b5651f0-f9c2-4197-b01e-f491de2f0176,Ashley,Graves,andrewedwards@example.org,Passenger transport manager,False
79c1d72f-21eb-41ce-b987-ce2dd0809258,718cb948-5664-405c-ba3d-ec59f8c15853,Hannah,Jenkins,vsalas@example.net,Biomedical engineer,False
3d813d1a-1298-42af-98c3-d7be611baffb,11d30148-2e86-4cc0-9190-fa5bfe1ea3f9,Janice,Stone,whitney78@example.com,Interior and spatial designer,False
57dc07e1-ec5e-4872-b4b3-1589f2c881ce,4b7d58f3-9da4-4fc5-8dae-7e10c9a1bb37,Sue,Stevens,amy49@example.com,"Engineer, agricultural",False
bb3c9603-aaf6-4790-bb11-bfc18607b65c,3be95b11-c8b9-4fdf-b0a8-4bfe24742971,Susan,Ramirez,jeffrey44@example.net,"Engineer, maintenance (IT)",False
7cc26495-6e0a-4282-992c-4bad01e2ddbc,f88bbecc-cf82-4c2a-8e77-5408431e2cda,Hannah,Burns,ybailey@example.net,Graphic designer,False
a04cd1ff-eb7e-4b52-8fc9-e2538479c88e,9773ead9-f243-4e96-a399-88e67ca561c8,Keith,Berry,zhuang@example.com,Dancer,False
d90eceda-b3e9-4331-826a-1d6fe1fcf821,63de697b-a672-4a42-9596-d6d07b7125b5,Kelly,Roberts,reedscott@example.com,Quality manager,True
2c001ef0-e75b-436d-90d9-d9e642ca093b,e1a3b266-4665-48de-b610-4ffceadbb421,Jason,Clayton,sarah42@example.org,Warden/ranger,True
0fc97c8e-93af-42e7-83f9-422d23981799,9773ead9-f243-4e96-a399-88e67ca561c8,Joyce,Allen,santiagoamanda@example.net,"Exhibitions officer, museum/gallery",False
61a344dc-9170-4ed8-a981-b36ce7347c5f,82ce8ce7-160a-4743-8b4a-0ae3ab0b5964,Brian,Gutierrez,xgarcia@example.org,"Accountant, chartered public finance",False
ad732a3c-8e9c-4c80-be71-4a6d686180aa,04d9f2ef-5a0c-4ef7-b2bf-25d951a8ac1f,Tamara,Spence,richarddonovan@example.com,Publishing rights manager,False
60aa11e0-e5c2-4862-acdf-59bbf86599e0,30394e4e-73e5-4164-a125-6c6d15fb0a1c,Debra,Avila,manuel01@example.net,"Teacher, secondary school",False
68278ad7-86ec-45b6-80e8-0affa80dfdb3,c098f654-79a2-4231-830b-25657791ca80,Jesse,Rodgers,gentrygregory@example.org,Animator,False
749e538a-6811-486d-88e2-47e0611a2381,3be95b11-c8b9-4fdf-b0a8-4bfe24742971,Wendy,Sanders,vlopez@example.com,Applications developer,False
8a028d6f-8e32-49c8-8ab0-9976ab454cac,1b446616-2104-4d15-b8c7-f7e1bba45632,Albert,Bradley,hebertmatthew@example.com,Speech and language therapist,False
d5fc985d-43ac-4852-a04c-0852c98df628,2883d03e-8799-49d0-a3c2-b445f8863258,Alice,Small,melissamcdonald@example.org,"Clinical scientist, histocompatibility and immunogenetics",False
27ec4ef2-6829-4b0b-b956-1a5d4366a10d,e76e8d09-47ec-4f7f-8c15-5f10f81f07c2,Mark,Simon,jennifer05@example.com,Tax inspector,False
1569a06d-522a-4f51-a405-cba171f63d73,76641e76-24cc-4abe-bce8-1fc12f987c6b,Emily,Lee,gwilcox@example.com,Chartered legal executive (England and Wales),True
62ee687b-4fcf-457b-96a5-9c7546ad3565,9f1c04d0-aedd-4a4c-893d-8395f2873dff,Richard,Davis,thomasboyle@example.org,Games developer,False
ae613fcd-2197-4d1c-89f3-5540ea400fc0,2c5d0c16-3140-4147-b6d2-896dd3e0e28d,Patrick,Griffin,stephanie49@example.net,"Teacher, primary school",False
63711a7d-4c8c-45ee-9518-13d58963ab4a,de3adeab-4388-44bf-9925-3ca7c4ec1f17,Alexander,Valdez,bryanwilson@example.com,"Designer, jewellery",True
b2df4e5b-f70f-4e75-9097-fb6288beaeba,2f16e53f-78ba-43ca-a719-f9ed261aaba7,Richard,Shaw,hannah45@example.net,Environmental consultant,False
9ab0d228-3e03-4ccb-aef2-929ef950c321,c73145ac-db21-44e5-9723-1858f013c7ef,Jeffrey,Anderson,spencerzhang@example.com,Pathologist,False
db34efd7-e8af-42b1-8462-09835cc8a367,27e16d77-7a5f-419a-8794-1219e246558d,Jacqueline,Durham,kathleenbecker@example.net,Ceramics designer,False
a60410c3-89a5-49c9-8739-3097fc9d6ec9,ea47b81e-80e8-4bfd-9f6d-a457b92413fc,Alicia,Rice,christian91@example.org,Sports development officer,True
b711cef9-4c0c-4b12-86c9-ae1f4ee4f4c9,810eed78-4619-48f3-9259-277bf323b926,Rebecca,Harris,franklinbond@example.com,Commercial horticulturist,False
edbaa316-57bb-491b-bc46-35e3b222d03d,0fac961e-1768-471c-810e-9a84fd0da2fe,Erin,Love,gdavis@example.com,Automotive engineer,True
81595738-127b-418a-b53c-85b22090041c,79e7737a-488c-438a-8578-a09a6277a5e2,Shawn,Palmer,jelliott@example.com,Insurance account manager,False
db46f394-33f6-4883-a143-ed07e428f48d,5e41d8cf-e84e-4905-b25e-69c1bf74ba65,Jennifer,Foster,reesebeth@example.org,Pharmacologist,False
65302894-d652-44ac-89d0-c44eda6351c3,bf987fa1-20ad-402e-b466-d756d0ea60e5,Melvin,Brown,michaelcesar@example.com,Ambulance person,True
2b3f3580-9e67-45ca-badc-12db840f573a,eb239d04-5bb0-4765-8a77-5df400655c6f,Justin,White,katiegood@example.net,Petroleum engineer,False
6ab681e1-1314-4b40-9bf0-00d611f3444e,66b953e3-1e63-4262-8e70-72a22fbf9a4e,Nicholas,Vance,ykane@example.com,Catering manager,True
5148be4e-e7b6-4470-b098-a4f08f04ca38,e2343e42-9e3f-4d69-82f1-30e74853eab8,Felicia,Stanley,desireebailey@example.org,Soil scientist,True
d2ab0790-6012-4997-a55b-3749d535ba47,9ed38ecf-01f3-46e3-b09b-07225794de45,Phillip,Anderson,maryavila@example.com,"Psychologist, educational",False
0cc90633-6049-444a-b462-fa396445e61b,7b2f9025-a70a-4a5a-913f-a5e7e758fe76,Emily,Stephens,pmorrow@example.com,Logistics and distribution manager,False
6f7f59a8-7330-49f9-a0f2-134cb9bf5bfd,62a4dd81-bd1e-4cf5-b238-9e0c1d65eac0,Eric,Lopez,johnsondonna@example.net,"Administrator, sports",True
f01bee14-6f9b-4eae-9275-670ec7d7db6b,c9f326b1-6491-4b1a-a979-ad0d2f224df5,John,Jones,griffinemily@example.org,Financial risk analyst,True
90574e00-cd49-4f72-bd6a-af273d4b7ea5,2c5d0c16-3140-4147-b6d2-896dd3e0e28d,Joy,Morales,amberwebster@example.org,Counselling psychologist,True
edfda0b8-93c6-4f06-bee9-1fef4c9803e8,f1da6988-abf6-4286-ba18-38ee8792438c,William,Roberts,barbara53@example.com,Customer service manager,True
a772b9cc-f237-4468-ae04-522234b39b30,fc014bdd-dbc7-4630-8ff1-2eec3abff1d4,Valerie,Boyd,dturner@example.net,"Therapist, art",False
ce7b7f39-ba98-455d-9011-43e02b0ef963,b3ceffd0-2e16-4b01-8940-f7df94e5b5c4,Nichole,Buck,dpeters@example.com,Museum/gallery curator,False
171fced7-9cfe-458d-9455-7c195e70b231,e2343e42-9e3f-4d69-82f1-30e74853eab8,Kristi,Flores,trussell@example.com,Educational psychologist,False
d25dc39e-1637-492a-b24a-394bc93f7d29,e8de9231-52f1-4955-a1f8-bade85b345c7,Karen,Wells,kevinzimmerman@example.com,Barrister,False
560ad7c7-b4e8-4a01-9384-15f1c2860d18,2ba14fd6-23eb-4237-9157-ba20706b169a,Anna,Faulkner,paulscott@example.com,Careers information officer,True
9d78655a-2d06-4076-8de0-73a0a8711a07,a93e484e-6d8a-47a2-a402-dd34df876393,Sandra,Boone,nicholsmaria@example.org,"Geologist, wellsite",False
967add07-333f-4133-955f-016cbcafb7fa,24d012e4-8041-4024-abfe-a46428fe865e,Nicholas,Jacobs,russojacob@example.net,"Surveyor, land/geomatics",False
da98de99-8484-4bd5-87e0-3a1943fdbaa1,f3a0fe66-5208-4e5e-bba3-2f38a17aaf10,Jay,Clark,kevin03@example.org,Commercial/residential surveyor,False
cf4f5ecb-c4c6-474a-a431-8554181b5c5a,b0e2de1c-dc57-42a8-b396-f1fabfaf094d,Julie,Webster,heatherpadilla@example.com,Film/video editor,False
fa7ee6b1-8cd4-4aec-8dc1-88497c4cbde1,fe0c9bc4-73cc-4fef-bb4f-65d8aa270c4b,Andrea,Rowe,powens@example.com,Insurance account manager,True
200e250c-ea93-404a-a3d8-56fbb37dfc62,e76e8d09-47ec-4f7f-8c15-5f10f81f07c2,Jose,Hunt,zowens@example.net,"Psychotherapist, child",True
58c22abd-b9a0-4547-8e14-04224826fd13,cf2f48be-2d49-4efb-a49e-6c594f0f5353,Kathleen,Flores,nathangutierrez@example.net,Environmental consultant,False
60b3a2d0-2235-4a39-b68d-ed3bb34a2078,de1bc611-c498-42e6-8370-5988ddda191c,Joyce,Smith,mphillips@example.com,Event organiser,False
46d535f6-d9a7-4873-8ee8-93226f4dfeb7,3fb65efb-3f5d-464d-b6e8-89a1013a007c,Noah,Whitaker,rpierce@example.com,Furniture designer,True
ca1c8f89-866e-47d9-b650-c291a0c03653,04d9f2ef-5a0c-4ef7-b2bf-25d951a8ac1f,Kathryn,Burns,umurray@example.com,"Doctor, general practice",False
1d87cd73-5455-48bb-87a1-b7d8365dcbe5,2b0ab2ee-035d-4cab-9916-c9cee81221e5,Donald,Payne,sabrinaweaver@example.net,Barrister's clerk,False
b1c3dda0-c11d-4a6a-894d-2c0e9395b8f7,548229ea-2d9e-4100-80f8-1a67e5225b6e,Alexandria,Combs,landryelizabeth@example.org,Passenger transport manager,False
